{
  "project_info": {
    "project_number": "527298202984",
    "firebase_url": "https://smart-ff9fe.firebaseio.com",
    "project_id": "smart-ff9fe",
    "storage_bucket": "smart-ff9fe.appspot.com"
  },
  "client": [
    {
      "client_info": {
        "mobilesdk_app_id": "1:527298202984:android:5bc8aa12254fee37279add",
        "android_client_info": {
          "package_name": "com.webser.smartcarttest"
        }
      },
      "oauth_client": [
        {
          "client_id": "527298202984-7a1jo91fr4u218uv12lvgblqtsm5u7sj.apps.googleusercontent.com",
          "client_type": 1,
          "android_info": {
            "package_name": "com.webser.smartcarttest",
            "certificate_hash": "123d5a9989bde22bd7e634d426b2ff065ef989e3"
          }
        },
        {
          "client_id": "527298202984-hnhqs2jq4efsotasakk0u04r587s4j1s.apps.googleusercontent.com",
          "client_type": 3
        }
      ],
      "api_key": [
        {
          "current_key": "AIzaSyAxRMTrjPAEsINEx4TEkGufS6PAwijV4cI"
        }
      ],
      "services": {
        "appinvite_service": {
          "other_platform_oauth_client": [
            {
              "client_id": "527298202984-hnhqs2jq4efsotasakk0u04r587s4j1s.apps.googleusercontent.com",
              "client_type": 3
            }
          ]
        }
      }
    },
    {
      "client_info": {
        "mobilesdk_app_id": "1:527298202984:android:1d7e719d27bedbd3279add",
        "android_client_info": {
          "package_name": "com.webser.smartcarttrail1"
        }
      },
      "oauth_client": [
        {
          "client_id": "527298202984-9hgujo4nn5955e67f876ikq2shc6a5e5.apps.googleusercontent.com",
          "client_type": 1,
          "android_info": {
            "package_name": "com.webser.smartcarttrail1",
            "certificate_hash": "123d5a9989bde22bd7e634d426b2ff065ef989e3"
          }
        },
        {
          "client_id": "527298202984-hnhqs2jq4efsotasakk0u04r587s4j1s.apps.googleusercontent.com",
          "client_type": 3
        }
      ],
      "api_key": [
        {
          "current_key": "AIzaSyAxRMTrjPAEsINEx4TEkGufS6PAwijV4cI"
        }
      ],
      "services": {
        "appinvite_service": {
          "other_platform_oauth_client": [
            {
              "client_id": "527298202984-hnhqs2jq4efsotasakk0u04r587s4j1s.apps.googleusercontent.com",
              "client_type": 3
            }
          ]
        }
      }
    }
  ],
  "configuration_version": "1"
}